{
  "best_epoch": 199,
  "best_valid_metrics": {
    "HR@1": 0.0904399782726779,
    "NDCG@1": 0.0904399782726779,
    "HR@3": 0.12167300380228137,
    "NDCG@3": 0.10843897383864454,
    "HR@5": 0.13498098859315588,
    "NDCG@5": 0.11394426888709869,
    "HR@10": 0.15426398696360674,
    "NDCG@10": 0.12011226553556907,
    "HR@20": 0.17870722433460076,
    "NDCG@20": 0.12622125015383115
  },
  "corresponding_test_metrics": {
    "HR@1": 0.08118381754004887,
    "NDCG@1": 0.08118381754004887,
    "HR@3": 0.10589193592180288,
    "NDCG@3": 0.09545756486845573,
    "HR@5": 0.11838175400488732,
    "NDCG@5": 0.1005034660341427,
    "HR@10": 0.13603040999185448,
    "NDCG@10": 0.10605855471020381,
    "HR@20": 0.16236763508009774,
    "NDCG@20": 0.1127727046596787
  }
}