{
  "best_epoch": 182,
  "best_valid_metrics": {
    "HR@1": 0.09098316132536664,
    "NDCG@1": 0.09098316132536664,
    "HR@3": 0.11732753938077133,
    "NDCG@3": 0.10646671448499855,
    "HR@5": 0.1325366648560565,
    "NDCG@5": 0.11271937213340316,
    "HR@10": 0.15073329712112982,
    "NDCG@10": 0.11859478269304548,
    "HR@20": 0.17762085822922324,
    "NDCG@20": 0.12532305082894096
  },
  "corresponding_test_metrics": {
    "HR@1": 0.08064078197121911,
    "NDCG@1": 0.08064078197121911,
    "HR@3": 0.10181916915557969,
    "NDCG@3": 0.09314966441301299,
    "HR@5": 0.1172956828672278,
    "NDCG@5": 0.09950566350070478,
    "HR@10": 0.1344013032853652,
    "NDCG@10": 0.10502154640034105,
    "HR@20": 0.16345370621775726,
    "NDCG@20": 0.11230577517552703
  }
}