{
  "best_epoch": 112,
  "best_valid_metrics": {
    "HR@1": 0.08962520369364475,
    "NDCG@1": 0.08962520369364475,
    "HR@3": 0.11461162411732755,
    "NDCG@3": 0.10407418287816998,
    "HR@5": 0.13036393264530147,
    "NDCG@5": 0.11062028626913871,
    "HR@10": 0.14720260727865292,
    "NDCG@10": 0.11600060905858527,
    "HR@20": 0.1719174361759913,
    "NDCG@20": 0.1222125749624274
  },
  "corresponding_test_metrics": {
    "HR@1": 0.07982622861797448,
    "NDCG@1": 0.07982622861797448,
    "HR@3": 0.10344827586206896,
    "NDCG@3": 0.0935213913452745,
    "HR@5": 0.11376595166983437,
    "NDCG@5": 0.09776268871523847,
    "HR@10": 0.1341297855009503,
    "NDCG@10": 0.10430804206533274,
    "HR@20": 0.15965245723594895,
    "NDCG@20": 0.11072322405002831
  }
}