{
  "best_epoch": 197,
  "best_valid_metrics": {
    "HR@1": 0.08962520369364475,
    "NDCG@1": 0.08962520369364475,
    "HR@3": 0.11841390548614883,
    "NDCG@3": 0.10647315580128718,
    "HR@5": 0.1347093970668115,
    "NDCG@5": 0.11319368549949899,
    "HR@10": 0.15046170559478544,
    "NDCG@10": 0.11828184568124385,
    "HR@20": 0.17979359043997828,
    "NDCG@20": 0.12568930294900924
  },
  "corresponding_test_metrics": {
    "HR@1": 0.08145533532446375,
    "NDCG@1": 0.08145533532446375,
    "HR@3": 0.10670648927504751,
    "NDCG@3": 0.09628499865111145,
    "HR@5": 0.11892478957371708,
    "NDCG@5": 0.10126155839806629,
    "HR@10": 0.13738799891392886,
    "NDCG@10": 0.1071391479819487,
    "HR@20": 0.1629106706489275,
    "NDCG@20": 0.11357659643640862
  }
}